-- phpMyAdmin SQL Dump
-- version 5.2.1
-- https://www.phpmyadmin.net/
--
-- Host: 127.0.0.1
-- Erstellungszeit: 02. Jun 2023 um 17:31
-- Server-Version: 10.4.28-MariaDB
-- PHP-Version: 8.2.4

SET SQL_MODE = "NO_AUTO_VALUE_ON_ZERO";
START TRANSACTION;
SET time_zone = "+00:00";


/*!40101 SET @OLD_CHARACTER_SET_CLIENT=@@CHARACTER_SET_CLIENT */;
/*!40101 SET @OLD_CHARACTER_SET_RESULTS=@@CHARACTER_SET_RESULTS */;
/*!40101 SET @OLD_COLLATION_CONNECTION=@@COLLATION_CONNECTION */;
/*!40101 SET NAMES utf8mb4 */;

--
-- Datenbank: `phpmyadmin`
--
CREATE DATABASE IF NOT EXISTS `phpmyadmin` DEFAULT CHARACTER SET utf8 COLLATE utf8_bin;
USE `phpmyadmin`;

-- --------------------------------------------------------

--
-- Tabellenstruktur für Tabelle `event`
--

CREATE TABLE `event` (
  `id` int(11) NOT NULL,
  `teamID` int(11) NOT NULL,
  `date` date NOT NULL DEFAULT current_timestamp(),
  `time` timestamp NOT NULL DEFAULT current_timestamp(),
  `type` varchar(50) NOT NULL,
  `duration` int(50) NOT NULL,
  `result` varchar(100) NOT NULL,
  `note` varchar(300) NOT NULL
) ENGINE=InnoDB DEFAULT CHARSET=utf8mb4 COLLATE=utf8mb4_general_ci;

-- --------------------------------------------------------

--
-- Tabellenstruktur für Tabelle `pma__bookmark`
--

CREATE TABLE `pma__bookmark` (
  `id` int(10) UNSIGNED NOT NULL,
  `dbase` varchar(255) NOT NULL DEFAULT '',
  `user` varchar(255) NOT NULL DEFAULT '',
  `label` varchar(255) CHARACTER SET utf8 COLLATE utf8_general_ci NOT NULL DEFAULT '',
  `query` text NOT NULL
) ENGINE=InnoDB DEFAULT CHARSET=utf8 COLLATE=utf8_bin COMMENT='Bookmarks';

-- --------------------------------------------------------

--
-- Tabellenstruktur für Tabelle `pma__central_columns`
--

CREATE TABLE `pma__central_columns` (
  `db_name` varchar(64) NOT NULL,
  `col_name` varchar(64) NOT NULL,
  `col_type` varchar(64) NOT NULL,
  `col_length` text DEFAULT NULL,
  `col_collation` varchar(64) NOT NULL,
  `col_isNull` tinyint(1) NOT NULL,
  `col_extra` varchar(255) DEFAULT '',
  `col_default` text DEFAULT NULL
) ENGINE=InnoDB DEFAULT CHARSET=utf8 COLLATE=utf8_bin COMMENT='Central list of columns';

-- --------------------------------------------------------

--
-- Tabellenstruktur für Tabelle `pma__column_info`
--

CREATE TABLE `pma__column_info` (
  `id` int(5) UNSIGNED NOT NULL,
  `db_name` varchar(64) NOT NULL DEFAULT '',
  `table_name` varchar(64) NOT NULL DEFAULT '',
  `column_name` varchar(64) NOT NULL DEFAULT '',
  `comment` varchar(255) CHARACTER SET utf8 COLLATE utf8_general_ci NOT NULL DEFAULT '',
  `mimetype` varchar(255) CHARACTER SET utf8 COLLATE utf8_general_ci NOT NULL DEFAULT '',
  `transformation` varchar(255) NOT NULL DEFAULT '',
  `transformation_options` varchar(255) NOT NULL DEFAULT '',
  `input_transformation` varchar(255) NOT NULL DEFAULT '',
  `input_transformation_options` varchar(255) NOT NULL DEFAULT ''
) ENGINE=InnoDB DEFAULT CHARSET=utf8 COLLATE=utf8_bin COMMENT='Column information for phpMyAdmin';

-- --------------------------------------------------------

--
-- Tabellenstruktur für Tabelle `pma__designer_settings`
--

CREATE TABLE `pma__designer_settings` (
  `username` varchar(64) NOT NULL,
  `settings_data` text NOT NULL
) ENGINE=InnoDB DEFAULT CHARSET=utf8 COLLATE=utf8_bin COMMENT='Settings related to Designer';

--
-- Daten für Tabelle `pma__designer_settings`
--

INSERT INTO `pma__designer_settings` (`username`, `settings_data`) VALUES
('root', '{\"angular_direct\":\"direct\",\"relation_lines\":\"true\",\"snap_to_grid\":\"off\"}');

-- --------------------------------------------------------

--
-- Tabellenstruktur für Tabelle `pma__export_templates`
--

CREATE TABLE `pma__export_templates` (
  `id` int(5) UNSIGNED NOT NULL,
  `username` varchar(64) NOT NULL,
  `export_type` varchar(10) NOT NULL,
  `template_name` varchar(64) NOT NULL,
  `template_data` text NOT NULL
) ENGINE=InnoDB DEFAULT CHARSET=utf8 COLLATE=utf8_bin COMMENT='Saved export templates';

-- --------------------------------------------------------

--
-- Tabellenstruktur für Tabelle `pma__favorite`
--

CREATE TABLE `pma__favorite` (
  `username` varchar(64) NOT NULL,
  `tables` text NOT NULL
) ENGINE=InnoDB DEFAULT CHARSET=utf8 COLLATE=utf8_bin COMMENT='Favorite tables';

-- --------------------------------------------------------

--
-- Tabellenstruktur für Tabelle `pma__history`
--

CREATE TABLE `pma__history` (
  `id` bigint(20) UNSIGNED NOT NULL,
  `username` varchar(64) NOT NULL DEFAULT '',
  `db` varchar(64) NOT NULL DEFAULT '',
  `table` varchar(64) NOT NULL DEFAULT '',
  `timevalue` timestamp NOT NULL DEFAULT current_timestamp(),
  `sqlquery` text NOT NULL
) ENGINE=InnoDB DEFAULT CHARSET=utf8 COLLATE=utf8_bin COMMENT='SQL history for phpMyAdmin';

-- --------------------------------------------------------

--
-- Tabellenstruktur für Tabelle `pma__navigationhiding`
--

CREATE TABLE `pma__navigationhiding` (
  `username` varchar(64) NOT NULL,
  `item_name` varchar(64) NOT NULL,
  `item_type` varchar(64) NOT NULL,
  `db_name` varchar(64) NOT NULL,
  `table_name` varchar(64) NOT NULL
) ENGINE=InnoDB DEFAULT CHARSET=utf8 COLLATE=utf8_bin COMMENT='Hidden items of navigation tree';

-- --------------------------------------------------------

--
-- Tabellenstruktur für Tabelle `pma__pdf_pages`
--

CREATE TABLE `pma__pdf_pages` (
  `db_name` varchar(64) NOT NULL DEFAULT '',
  `page_nr` int(10) UNSIGNED NOT NULL,
  `page_descr` varchar(50) CHARACTER SET utf8 COLLATE utf8_general_ci NOT NULL DEFAULT ''
) ENGINE=InnoDB DEFAULT CHARSET=utf8 COLLATE=utf8_bin COMMENT='PDF relation pages for phpMyAdmin';

-- --------------------------------------------------------

--
-- Tabellenstruktur für Tabelle `pma__recent`
--

CREATE TABLE `pma__recent` (
  `username` varchar(64) NOT NULL,
  `tables` text NOT NULL
) ENGINE=InnoDB DEFAULT CHARSET=utf8 COLLATE=utf8_bin COMMENT='Recently accessed tables';

--
-- Daten für Tabelle `pma__recent`
--

INSERT INTO `pma__recent` (`username`, `tables`) VALUES
('root', '[{\"db\":\"teamconnect\",\"table\":\"user\"},{\"db\":\"teamconnect\",\"table\":\"event\"},{\"db\":\"teamconnect\",\"table\":\"user_event\"},{\"db\":\"teamconnect\",\"table\":\"user_team\"},{\"db\":\"teamconnect\",\"table\":\"team\"},{\"db\":\"teamconnect\",\"table\":\"teammconnect_session\"},{\"db\":\"teamconnect\",\"table\":\"teamconnect_event\"}]');

-- --------------------------------------------------------

--
-- Tabellenstruktur für Tabelle `pma__relation`
--

CREATE TABLE `pma__relation` (
  `master_db` varchar(64) NOT NULL DEFAULT '',
  `master_table` varchar(64) NOT NULL DEFAULT '',
  `master_field` varchar(64) NOT NULL DEFAULT '',
  `foreign_db` varchar(64) NOT NULL DEFAULT '',
  `foreign_table` varchar(64) NOT NULL DEFAULT '',
  `foreign_field` varchar(64) NOT NULL DEFAULT ''
) ENGINE=InnoDB DEFAULT CHARSET=utf8 COLLATE=utf8_bin COMMENT='Relation table';

--
-- Daten für Tabelle `pma__relation`
--

INSERT INTO `pma__relation` (`master_db`, `master_table`, `master_field`, `foreign_db`, `foreign_table`, `foreign_field`) VALUES
('teamconnect', 'team', 'playerID', 'teamconnect', 'user', 'id'),
('teamconnect', 'user_event', 'playerID', 'teamconnect', 'user', 'id'),
('teamconnect', 'user_team', 'playerID', 'teamconnect', 'user', 'id'),
('teamconnect', 'user_team', 'teamID', 'teamconnect', 'team', 'id');

-- --------------------------------------------------------

--
-- Tabellenstruktur für Tabelle `pma__savedsearches`
--

CREATE TABLE `pma__savedsearches` (
  `id` int(5) UNSIGNED NOT NULL,
  `username` varchar(64) NOT NULL DEFAULT '',
  `db_name` varchar(64) NOT NULL DEFAULT '',
  `search_name` varchar(64) NOT NULL DEFAULT '',
  `search_data` text NOT NULL
) ENGINE=InnoDB DEFAULT CHARSET=utf8 COLLATE=utf8_bin COMMENT='Saved searches';

-- --------------------------------------------------------

--
-- Tabellenstruktur für Tabelle `pma__table_coords`
--

CREATE TABLE `pma__table_coords` (
  `db_name` varchar(64) NOT NULL DEFAULT '',
  `table_name` varchar(64) NOT NULL DEFAULT '',
  `pdf_page_number` int(11) NOT NULL DEFAULT 0,
  `x` float UNSIGNED NOT NULL DEFAULT 0,
  `y` float UNSIGNED NOT NULL DEFAULT 0
) ENGINE=InnoDB DEFAULT CHARSET=utf8 COLLATE=utf8_bin COMMENT='Table coordinates for phpMyAdmin PDF output';

-- --------------------------------------------------------

--
-- Tabellenstruktur für Tabelle `pma__table_info`
--

CREATE TABLE `pma__table_info` (
  `db_name` varchar(64) NOT NULL DEFAULT '',
  `table_name` varchar(64) NOT NULL DEFAULT '',
  `display_field` varchar(64) NOT NULL DEFAULT ''
) ENGINE=InnoDB DEFAULT CHARSET=utf8 COLLATE=utf8_bin COMMENT='Table information for phpMyAdmin';

--
-- Daten für Tabelle `pma__table_info`
--

INSERT INTO `pma__table_info` (`db_name`, `table_name`, `display_field`) VALUES
('teamconnect', 'team', 'name'),
('teamconnect', 'user_event', 'rating');

-- --------------------------------------------------------

--
-- Tabellenstruktur für Tabelle `pma__table_uiprefs`
--

CREATE TABLE `pma__table_uiprefs` (
  `username` varchar(64) NOT NULL,
  `db_name` varchar(64) NOT NULL,
  `table_name` varchar(64) NOT NULL,
  `prefs` text NOT NULL,
  `last_update` timestamp NOT NULL DEFAULT current_timestamp() ON UPDATE current_timestamp()
) ENGINE=InnoDB DEFAULT CHARSET=utf8 COLLATE=utf8_bin COMMENT='Tables'' UI preferences';

-- --------------------------------------------------------

--
-- Tabellenstruktur für Tabelle `pma__tracking`
--

CREATE TABLE `pma__tracking` (
  `db_name` varchar(64) NOT NULL,
  `table_name` varchar(64) NOT NULL,
  `version` int(10) UNSIGNED NOT NULL,
  `date_created` datetime NOT NULL,
  `date_updated` datetime NOT NULL,
  `schema_snapshot` text NOT NULL,
  `schema_sql` text DEFAULT NULL,
  `data_sql` longtext DEFAULT NULL,
  `tracking` set('UPDATE','REPLACE','INSERT','DELETE','TRUNCATE','CREATE DATABASE','ALTER DATABASE','DROP DATABASE','CREATE TABLE','ALTER TABLE','RENAME TABLE','DROP TABLE','CREATE INDEX','DROP INDEX','CREATE VIEW','ALTER VIEW','DROP VIEW') DEFAULT NULL,
  `tracking_active` int(1) UNSIGNED NOT NULL DEFAULT 1
) ENGINE=InnoDB DEFAULT CHARSET=utf8 COLLATE=utf8_bin COMMENT='Database changes tracking for phpMyAdmin';

-- --------------------------------------------------------

--
-- Tabellenstruktur für Tabelle `pma__userconfig`
--

CREATE TABLE `pma__userconfig` (
  `username` varchar(64) NOT NULL,
  `timevalue` timestamp NOT NULL DEFAULT current_timestamp() ON UPDATE current_timestamp(),
  `config_data` text NOT NULL
) ENGINE=InnoDB DEFAULT CHARSET=utf8 COLLATE=utf8_bin COMMENT='User preferences storage for phpMyAdmin';

--
-- Daten für Tabelle `pma__userconfig`
--

INSERT INTO `pma__userconfig` (`username`, `timevalue`, `config_data`) VALUES
('root', '2023-06-02 15:31:32', '{\"Console\\/Mode\":\"collapse\",\"lang\":\"de\"}');

-- --------------------------------------------------------

--
-- Tabellenstruktur für Tabelle `pma__usergroups`
--

CREATE TABLE `pma__usergroups` (
  `usergroup` varchar(64) NOT NULL,
  `tab` varchar(64) NOT NULL,
  `allowed` enum('Y','N') NOT NULL DEFAULT 'N'
) ENGINE=InnoDB DEFAULT CHARSET=utf8 COLLATE=utf8_bin COMMENT='User groups with configured menu items';

-- --------------------------------------------------------

--
-- Tabellenstruktur für Tabelle `pma__users`
--

CREATE TABLE `pma__users` (
  `username` varchar(64) NOT NULL,
  `usergroup` varchar(64) NOT NULL
) ENGINE=InnoDB DEFAULT CHARSET=utf8 COLLATE=utf8_bin COMMENT='Users and their assignments to user groups';

-- --------------------------------------------------------

--
-- Tabellenstruktur für Tabelle `team`
--

CREATE TABLE `team` (
  `id` int(11) NOT NULL,
  `playerID` int(11) NOT NULL,
  `name` varchar(100) NOT NULL
) ENGINE=InnoDB DEFAULT CHARSET=utf8mb4 COLLATE=utf8mb4_general_ci;

-- --------------------------------------------------------

--
-- Tabellenstruktur für Tabelle `user`
--

CREATE TABLE `user` (
  `id` int(11) NOT NULL,
  `firstname` varchar(50) NOT NULL,
  `lastname` varchar(50) NOT NULL,
  `email` varchar(100) NOT NULL,
  `password` varchar(255) NOT NULL,
  `health` varchar(50) NOT NULL,
  `rule` varchar(50) NOT NULL,
  `height` int(5) NOT NULL,
  `weight` int(5) NOT NULL
) ENGINE=InnoDB DEFAULT CHARSET=utf8mb4 COLLATE=utf8mb4_general_ci;

-- --------------------------------------------------------

--
-- Tabellenstruktur für Tabelle `user_event`
--

CREATE TABLE `user_event` (
  `eventID` int(11) NOT NULL,
  `playerID` int(11) NOT NULL,
  `goal` int(10) NOT NULL,
  `assist` int(10) NOT NULL,
  `rating` varchar(50) NOT NULL
) ENGINE=InnoDB DEFAULT CHARSET=utf8mb4 COLLATE=utf8mb4_general_ci;

-- --------------------------------------------------------

--
-- Tabellenstruktur für Tabelle `user_team`
--

CREATE TABLE `user_team` (
  `playerID` int(11) NOT NULL,
  `teamID` int(11) NOT NULL
) ENGINE=InnoDB DEFAULT CHARSET=utf8mb4 COLLATE=utf8mb4_general_ci;

--
-- Indizes der exportierten Tabellen
--

--
-- Indizes für die Tabelle `event`
--
ALTER TABLE `event`
  ADD PRIMARY KEY (`id`);

--
-- Indizes für die Tabelle `pma__bookmark`
--
ALTER TABLE `pma__bookmark`
  ADD PRIMARY KEY (`id`);

--
-- Indizes für die Tabelle `pma__central_columns`
--
ALTER TABLE `pma__central_columns`
  ADD PRIMARY KEY (`db_name`,`col_name`);

--
-- Indizes für die Tabelle `pma__column_info`
--
ALTER TABLE `pma__column_info`
  ADD PRIMARY KEY (`id`),
  ADD UNIQUE KEY `db_name` (`db_name`,`table_name`,`column_name`);

--
-- Indizes für die Tabelle `pma__designer_settings`
--
ALTER TABLE `pma__designer_settings`
  ADD PRIMARY KEY (`username`);

--
-- Indizes für die Tabelle `pma__export_templates`
--
ALTER TABLE `pma__export_templates`
  ADD PRIMARY KEY (`id`),
  ADD UNIQUE KEY `u_user_type_template` (`username`,`export_type`,`template_name`);

--
-- Indizes für die Tabelle `pma__favorite`
--
ALTER TABLE `pma__favorite`
  ADD PRIMARY KEY (`username`);

--
-- Indizes für die Tabelle `pma__history`
--
ALTER TABLE `pma__history`
  ADD PRIMARY KEY (`id`),
  ADD KEY `username` (`username`,`db`,`table`,`timevalue`);

--
-- Indizes für die Tabelle `pma__navigationhiding`
--
ALTER TABLE `pma__navigationhiding`
  ADD PRIMARY KEY (`username`,`item_name`,`item_type`,`db_name`,`table_name`);

--
-- Indizes für die Tabelle `pma__pdf_pages`
--
ALTER TABLE `pma__pdf_pages`
  ADD PRIMARY KEY (`page_nr`),
  ADD KEY `db_name` (`db_name`);

--
-- Indizes für die Tabelle `pma__recent`
--
ALTER TABLE `pma__recent`
  ADD PRIMARY KEY (`username`);

--
-- Indizes für die Tabelle `pma__relation`
--
ALTER TABLE `pma__relation`
  ADD PRIMARY KEY (`master_db`,`master_table`,`master_field`),
  ADD KEY `foreign_field` (`foreign_db`,`foreign_table`);

--
-- Indizes für die Tabelle `pma__savedsearches`
--
ALTER TABLE `pma__savedsearches`
  ADD PRIMARY KEY (`id`),
  ADD UNIQUE KEY `u_savedsearches_username_dbname` (`username`,`db_name`,`search_name`);

--
-- Indizes für die Tabelle `pma__table_coords`
--
ALTER TABLE `pma__table_coords`
  ADD PRIMARY KEY (`db_name`,`table_name`,`pdf_page_number`);

--
-- Indizes für die Tabelle `pma__table_info`
--
ALTER TABLE `pma__table_info`
  ADD PRIMARY KEY (`db_name`,`table_name`);

--
-- Indizes für die Tabelle `pma__table_uiprefs`
--
ALTER TABLE `pma__table_uiprefs`
  ADD PRIMARY KEY (`username`,`db_name`,`table_name`);

--
-- Indizes für die Tabelle `pma__tracking`
--
ALTER TABLE `pma__tracking`
  ADD PRIMARY KEY (`db_name`,`table_name`,`version`);

--
-- Indizes für die Tabelle `pma__userconfig`
--
ALTER TABLE `pma__userconfig`
  ADD PRIMARY KEY (`username`);

--
-- Indizes für die Tabelle `pma__usergroups`
--
ALTER TABLE `pma__usergroups`
  ADD PRIMARY KEY (`usergroup`,`tab`,`allowed`);

--
-- Indizes für die Tabelle `pma__users`
--
ALTER TABLE `pma__users`
  ADD PRIMARY KEY (`username`,`usergroup`);

--
-- Indizes für die Tabelle `team`
--
ALTER TABLE `team`
  ADD PRIMARY KEY (`id`),
  ADD UNIQUE KEY `name` (`name`);

--
-- Indizes für die Tabelle `user`
--
ALTER TABLE `user`
  ADD PRIMARY KEY (`id`);

--
-- Indizes für die Tabelle `user_event`
--
ALTER TABLE `user_event`
  ADD PRIMARY KEY (`eventID`,`playerID`);

--
-- Indizes für die Tabelle `user_team`
--
ALTER TABLE `user_team`
  ADD PRIMARY KEY (`playerID`,`teamID`);

--
-- AUTO_INCREMENT für exportierte Tabellen
--

--
-- AUTO_INCREMENT für Tabelle `event`
--
ALTER TABLE `event`
  MODIFY `id` int(11) NOT NULL AUTO_INCREMENT;

--
-- AUTO_INCREMENT für Tabelle `pma__bookmark`
--
ALTER TABLE `pma__bookmark`
  MODIFY `id` int(10) UNSIGNED NOT NULL AUTO_INCREMENT;

--
-- AUTO_INCREMENT für Tabelle `pma__column_info`
--
ALTER TABLE `pma__column_info`
  MODIFY `id` int(5) UNSIGNED NOT NULL AUTO_INCREMENT;

--
-- AUTO_INCREMENT für Tabelle `pma__export_templates`
--
ALTER TABLE `pma__export_templates`
  MODIFY `id` int(5) UNSIGNED NOT NULL AUTO_INCREMENT;

--
-- AUTO_INCREMENT für Tabelle `pma__history`
--
ALTER TABLE `pma__history`
  MODIFY `id` bigint(20) UNSIGNED NOT NULL AUTO_INCREMENT;

--
-- AUTO_INCREMENT für Tabelle `pma__pdf_pages`
--
ALTER TABLE `pma__pdf_pages`
  MODIFY `page_nr` int(10) UNSIGNED NOT NULL AUTO_INCREMENT;

--
-- AUTO_INCREMENT für Tabelle `pma__savedsearches`
--
ALTER TABLE `pma__savedsearches`
  MODIFY `id` int(5) UNSIGNED NOT NULL AUTO_INCREMENT;

--
-- AUTO_INCREMENT für Tabelle `team`
--
ALTER TABLE `team`
  MODIFY `id` int(11) NOT NULL AUTO_INCREMENT;

--
-- AUTO_INCREMENT für Tabelle `user`
--
ALTER TABLE `user`
  MODIFY `id` int(11) NOT NULL AUTO_INCREMENT, AUTO_INCREMENT=8;
--
-- Datenbank: `teamconnect`
--
CREATE DATABASE IF NOT EXISTS `teamconnect` DEFAULT CHARACTER SET utf8mb4 COLLATE utf8mb4_general_ci;
USE `teamconnect`;

-- --------------------------------------------------------

--
-- Tabellenstruktur für Tabelle `event`
--

CREATE TABLE `event` (
  `id` int(11) NOT NULL,
  `teamID` int(11) NOT NULL,
  `date` date NOT NULL,
  `time` varchar(50) NOT NULL,
  `type` varchar(50) DEFAULT NULL,
  `description` varchar(100) NOT NULL,
  `duration` int(50) DEFAULT 1,
  `result` varchar(100) DEFAULT NULL,
  `note` varchar(300) DEFAULT NULL
) ENGINE=InnoDB DEFAULT CHARSET=utf8mb4 COLLATE=utf8mb4_general_ci;

--
-- Daten für Tabelle `event`
--

INSERT INTO `event` (`id`, `teamID`, `date`, `time`, `type`, `description`, `duration`, `result`, `note`) VALUES
(17, 1, '2023-06-28', '14:51', 'Fußballtraining', '', 2, NULL, NULL),
(18, 1, '2023-06-27', '13:12', 'Spiel', '', 2, NULL, NULL),
(19, 1, '2023-06-23', '14:35', 'Konditionstraining', '', 2, NULL, NULL),
(23, 1, '2023-06-02', '13:57', 'Fußballtraining', '', 0, NULL, NULL);

-- --------------------------------------------------------

--
-- Tabellenstruktur für Tabelle `team`
--

CREATE TABLE `team` (
  `id` int(11) NOT NULL,
  `playerID` int(11) NOT NULL,
  `name` varchar(100) NOT NULL
) ENGINE=InnoDB DEFAULT CHARSET=utf8mb4 COLLATE=utf8mb4_general_ci;

--
-- Daten für Tabelle `team`
--

INSERT INTO `team` (`id`, `playerID`, `name`) VALUES
(1, 8, 'michis team'),
(4, 9, 'yaniks team'),
(18, 8, 'leons team'),
(19, 8, 'yanik'),
(20, 8, 'leons'),
(23, 8, 'test'),
(25, 9, 'leons teams'),
(28, 9, 'leons teamer'),
(29, 9, 'teams'),
(30, 9, 'taem'),
(31, 9, 'lköjh'),
(32, 9, 'stevan vlajic');

-- --------------------------------------------------------

--
-- Tabellenstruktur für Tabelle `user`
--

CREATE TABLE `user` (
  `id` int(11) NOT NULL,
  `firstname` varchar(50) NOT NULL,
  `lastname` varchar(50) NOT NULL,
  `email` varchar(100) NOT NULL,
  `password` varchar(255) NOT NULL,
  `position` varchar(20) NOT NULL,
  `health` varchar(50) NOT NULL,
  `rule` varchar(50) NOT NULL,
  `height` int(5) NOT NULL,
  `weight` int(5) NOT NULL
) ENGINE=InnoDB DEFAULT CHARSET=utf8mb4 COLLATE=utf8mb4_general_ci;

--
-- Daten für Tabelle `user`
--

INSERT INTO `user` (`id`, `firstname`, `lastname`, `email`, `password`, `position`, `health`, `rule`, `height`, `weight`) VALUES
(8, 'Michael', 'Leisch', 'michael.leisch@gmx.at', '$2y$10$D750CvJDZFfTrwVcfYDF8eO1FCCqb6.YCW8XpgHJHdScWr5Bx6.3a', 'RM', 'Gesund', '', 185, 75),
(9, 'Yanik', 'Kendler', 'yanik.kendler@gmail.com', '$2y$10$ngrt8eDQB6OT2trgoXE9duRb.VavmNL5DswlY.ooyh4TWfR4Buup.', '', '', '', 0, 0);

-- --------------------------------------------------------

--
-- Tabellenstruktur für Tabelle `user_event`
--

CREATE TABLE `user_event` (
  `eventID` int(11) NOT NULL,
  `playerID` int(11) NOT NULL,
  `goal` int(10) DEFAULT NULL,
  `assist` int(10) DEFAULT NULL,
  `rating` varchar(50) DEFAULT NULL
) ENGINE=InnoDB DEFAULT CHARSET=utf8mb4 COLLATE=utf8mb4_general_ci;

--
-- Daten für Tabelle `user_event`
--

INSERT INTO `user_event` (`eventID`, `playerID`, `goal`, `assist`, `rating`) VALUES
(1, 8, NULL, NULL, NULL),
(2, 8, NULL, NULL, NULL),
(3, 8, NULL, NULL, NULL);

-- --------------------------------------------------------

--
-- Tabellenstruktur für Tabelle `user_team`
--

CREATE TABLE `user_team` (
  `playerID` int(11) NOT NULL,
  `teamID` int(11) NOT NULL
) ENGINE=InnoDB DEFAULT CHARSET=utf8mb4 COLLATE=utf8mb4_general_ci;

--
-- Daten für Tabelle `user_team`
--

INSERT INTO `user_team` (`playerID`, `teamID`) VALUES
(8, 0),
(8, 1),
(8, 18),
(8, 19),
(8, 20),
(8, 23),
(8, 29),
(8, 30),
(8, 32),
(8, 33),
(9, 0),
(9, 1),
(9, 18),
(9, 19),
(9, 20),
(9, 23),
(9, 25),
(9, 28),
(9, 29),
(9, 30),
(9, 31),
(9, 32);

--
-- Indizes der exportierten Tabellen
--

--
-- Indizes für die Tabelle `event`
--
ALTER TABLE `event`
  ADD PRIMARY KEY (`id`);

--
-- Indizes für die Tabelle `team`
--
ALTER TABLE `team`
  ADD PRIMARY KEY (`id`),
  ADD UNIQUE KEY `name` (`name`);

--
-- Indizes für die Tabelle `user`
--
ALTER TABLE `user`
  ADD PRIMARY KEY (`id`);

--
-- Indizes für die Tabelle `user_event`
--
ALTER TABLE `user_event`
  ADD PRIMARY KEY (`eventID`,`playerID`);

--
-- Indizes für die Tabelle `user_team`
--
ALTER TABLE `user_team`
  ADD PRIMARY KEY (`playerID`,`teamID`);

--
-- AUTO_INCREMENT für exportierte Tabellen
--

--
-- AUTO_INCREMENT für Tabelle `event`
--
ALTER TABLE `event`
  MODIFY `id` int(11) NOT NULL AUTO_INCREMENT, AUTO_INCREMENT=24;

--
-- AUTO_INCREMENT für Tabelle `team`
--
ALTER TABLE `team`
  MODIFY `id` int(11) NOT NULL AUTO_INCREMENT, AUTO_INCREMENT=37;

--
-- AUTO_INCREMENT für Tabelle `user`
--
ALTER TABLE `user`
  MODIFY `id` int(11) NOT NULL AUTO_INCREMENT, AUTO_INCREMENT=10;
--
-- Datenbank: `test`
--
CREATE DATABASE IF NOT EXISTS `test` DEFAULT CHARACTER SET latin1 COLLATE latin1_swedish_ci;
USE `test`;
COMMIT;

/*!40101 SET CHARACTER_SET_CLIENT=@OLD_CHARACTER_SET_CLIENT */;
/*!40101 SET CHARACTER_SET_RESULTS=@OLD_CHARACTER_SET_RESULTS */;
/*!40101 SET COLLATION_CONNECTION=@OLD_COLLATION_CONNECTION */;
